positie,speler,aantal_series,weken_gespeeld,gespeeld,punten,darts,gemiddelde
1,Niko Springer,1,1,11,29660,920,96.72
2,Darren Beveridge,1,1,19,53036,1672,95.16
3,Luke Littler,3,5,110,297414,9511,93.81
4,Paul Krohne,1,1,15,39579,1269,93.57
5,Jeffrey de Zwaan,1,1,18,48088,1544,93.44
6,Beau Greaves,2,3,40,107538,3464,93.13
7,Derek Coulson,8,15,267,719543,23198,93.05
8,Boris Krcmar,3,3,66,172038,5572,92.63
9,Scott Williams,1,1,12,35155,1141,92.43
10,Raymond Smith,2,3,63,165952,5406,92.09
11,Simon Stevenson,2,3,47,124477,4056,92.07
12,Jose de Sousa,1,1,15,39486,1288,91.97
13,Adam Leek,1,1,5,13632,445,91.9
14,Andy Baetens,3,3,57,150903,4956,91.35
15,Jack Aldridge,2,3,56,147670,4851,91.32
16,Tom Sykes,8,12,265,709772,23346,91.21
17,Darryl Pilgrim,9,11,179,472257,15537,91.19
18,Dom Taylor,4,4,79,212842,7010,91.09
19,Charlie Manby,3,5,98,265774,8791,90.7
20,Wesley Plaisier,2,2,44,115267,3813,90.69
21,Adam Sevada,2,2,35,89829,2973,90.64
22,Christian Kist,1,1,19,49016,1623,90.6
23,Tyler Thorpe,1,1,13,31169,1034,90.43
24,Connor Scutt,3,4,70,185969,6170,90.42
25,Daniel Klose,1,1,18,46300,1539,90.25
26,Henry Coates,5,6,105,273063,9079,90.23
27,Lukas Wenig,3,3,54,147097,4892,90.21
28,Berry Van Peer,1,1,25,67252,2239,90.11
29,James Beeton,1,1,8,20838,695,89.95
30,Andreas Harrysson,10,13,278,725383,24237,89.79
31,Andy Boulton,7,11,247,668334,22334,89.77
32,Jimmy Van Schie,7,10,231,618719,20678,89.76
33,Jack Drayton,3,4,91,240947,8053,89.76
34,Darius Labanauskas,2,4,94,260338,8704,89.73
35,Scott Robertson,3,4,56,149129,4986,89.73
36,Daniel Larsson,2,2,53,138797,4646,89.62
37,Oliver Mitchell,1,1,14,35694,1195,89.61
38,Jim Long,4,6,126,338892,11367,89.44
39,Steve Beaton,4,4,64,172582,5791,89.41
40,Jurjen van der Velde,2,3,80,213319,7165,89.32
41,Robbie Martin,3,3,65,166488,5593,89.3
42,Mervyn King,3,4,94,250526,8426,89.2
43,Matt Dennant,6,8,106,281638,9473,89.19
44,Danny Ayres,4,4,55,158007,5317,89.15
45,Jacob Taylor,2,3,67,186105,6264,89.13
46,Brandon Weening,1,1,26,70227,2366,89.05
47,David Pallett,4,5,59,157254,5302,88.98
48,Ben Robb,3,3,64,177490,5990,88.89
49,Boris Koltsov,1,1,26,73654,2487,88.85
50,Graham Usher,7,9,206,557680,18832,88.84
51,Ted Evetts,6,6,121,326383,11021,88.84
52,Robert Owen,2,2,43,119113,4027,88.74
53,Adam Gawlas,1,2,37,100477,3398,88.71
54,Matthew Dennant,1,1,8,21872,740,88.67
55,Josh Payne,2,3,52,147769,5001,88.64
56,Radek Szaganski,2,3,66,180376,6106,88.62
57,George Cressey,2,2,46,119774,4056,88.59
58,Justin Hood,7,8,108,288293,9770,88.52
59,John Henderson,10,11,241,646776,21921,88.51
60,Jack Tweddell,6,7,146,393108,13324,88.51
61,Owen Bates,3,4,59,158585,5376,88.5
62,Scott Taylor,13,21,406,1080557,36645,88.46
63,Reece Robinson,11,14,247,648806,22007,88.45
64,Rob Grundy,5,6,104,279527,9484,88.42
65,James Wilson,3,3,34,91511,3107,88.36
66,Kurt Parry,9,9,143,386346,13126,88.3
67,Jake Neale,1,1,12,32820,1115,88.3
68,Berry van Peer,3,4,91,245455,8342,88.27
69,Haupai Puha,1,1,10,27224,926,88.2
70,Leonard Gates,6,7,137,380919,12959,88.18
71,Danny Baggish,1,1,15,40493,1378,88.16
72,Kai Gotthardt,1,2,37,106245,3616,88.15
73,Chris Gilliland,5,5,103,279196,9512,88.06
74,Gary Stone,10,11,137,364268,12411,88.05
75,James Hurrell,5,5,89,243921,8313,88.03
76,Sebastian Bialecki,8,9,229,613445,20924,87.95
77,Gian van Veen,1,1,18,50297,1716,87.93
78,Richard Veenstra,1,1,25,64237,2192,87.92
79,Stowe Buntz,1,1,18,46119,1574,87.9
80,Jamai Van Den Herik,3,4,76,205172,7004,87.88
81,Stephen Burton,2,3,20,51785,1768,87.87
82,James Buckby,3,3,36,95461,3259,87.87
83,Cam Crabtree,8,10,174,455377,15549,87.86
84,Shane McGuirk,10,13,225,599176,20465,87.83
85,Graham Hall,7,8,196,526562,17992,87.8
86,Tommy Morris,11,17,267,710253,24267,87.8
87,Jeff Smith,5,6,113,311158,10633,87.79
88,Archie Self,3,5,94,249862,8540,87.77
89,Johan Geldenhuys,2,2,46,124552,4259,87.73
90,Steve West,12,19,399,1044678,35737,87.7
91,Nathan Potter,3,4,81,218266,7469,87.67
92,Bradley Brooks,4,5,92,251315,8602,87.65
93,Mike Warburton,13,14,277,745874,25563,87.53
94,Carl Batchelor,1,1,23,61330,2102,87.53
95,Carl Wilson,6,6,89,241102,8266,87.5
96,Jim McEwan,12,15,266,723037,24793,87.49
97,Dylan Slevin,4,4,79,211911,7268,87.47
98,Jenson Walker,8,10,184,495347,16991,87.46
99,Jason Askew,1,1,10,26337,904,87.4
100,Colin McGarry,1,1,28,72833,2500,87.4
101,Chris Landman,4,4,85,226869,7789,87.38
102,Christian Perez,1,1,18,48718,1673,87.36
103,Damian Mol,1,1,25,64550,2217,87.35
104,Ron Meulenkamp,6,7,107,287118,9862,87.34
105,Gilbert Van Der Meijden,3,3,77,204017,7009,87.32
106,Alex Williams,4,4,63,164385,5648,87.31
107,Sam Spivey,6,7,94,258149,8875,87.26
108,Kaya Baysal,1,1,14,36232,1246,87.24
109,Chas Barstow,14,17,233,609879,20980,87.21
110,Jamie Hughes,4,4,72,187448,6448,87.21
111,Chris Mason,1,2,39,110707,3809,87.19
112,Patrik Williams,2,2,42,113134,3893,87.18
113,Wayne Jones,3,4,81,211239,7270,87.17
114,Dan Read,5,7,129,337493,11619,87.14
115,Arjan Konterman,3,3,73,180252,6206,87.13
116,Simon Whitlock,4,5,73,191800,6609,87.06
117,Neil Duff,14,23,466,1222567,42144,87.03
118,David Evans,12,15,282,751843,25926,87.0
119,Alex Spellman,6,6,127,343633,11851,86.99
120,Jelle Klaasen,6,8,136,361431,12466,86.98
121,Andy Hamilton,14,17,290,766251,26439,86.95
122,Ryan Branley,6,6,100,272370,9399,86.94
123,Tommy Lishman,9,10,124,331700,11450,86.91
124,Joe Hunt,2,2,36,91739,3167,86.9
125,Johnny Haines,12,13,204,545668,18841,86.89
126,Shaun McDonald,4,4,40,110633,3820,86.88
127,Scott Mitchell,8,9,144,379488,13105,86.87
128,Jesús Noguera,1,1,25,66877,2311,86.82
129,Richie Howson,14,15,245,631153,21830,86.74
130,Aden Kirk,4,4,60,158737,5491,86.73
131,Dennie Olde Kalter,1,1,26,69218,2395,86.7
132,Steve Lennon,2,2,31,77282,2674,86.7
133,Harry Ward,9,9,158,431570,14939,86.67
134,Arron Monk,2,2,43,121535,4208,86.65
135,Andy Davidson,5,7,144,385546,13349,86.65
136,Rhys Griffin,1,1,25,65346,2263,86.63
137,Viktor Tingstrom,5,5,97,256364,8879,86.62
138,Llew Bevan,3,3,31,81685,2829,86.62
139,Krzysztof Kciuk,1,1,26,73439,2544,86.6
140,Jamie Owens,7,8,120,327787,11356,86.59
141,Nathan Girvan,5,5,110,290965,10086,86.55
142,Jeremy Fagg,2,3,58,157919,5474,86.55
143,Lee Evans,4,4,90,233333,8097,86.45
144,Oliver King,3,3,35,94262,3271,86.45
145,Anton Ostlund,3,4,92,249061,8644,86.44
146,Mike van Duivenbode,1,1,11,30824,1070,86.42
147,Nick Kenny,2,2,19,49917,1733,86.41
148,Colin Osborne,14,17,320,872497,30290,86.41
149,Peter Jacques,6,7,92,247954,8609,86.41
150,Jamie Atkins,7,7,113,307637,10681,86.41
151,Keegan Brown,6,7,136,350064,12153,86.41
152,Conor Heneghan,14,15,292,781557,27142,86.39
153,Corné Groeneveld,1,1,23,62545,2173,86.35
154,Thibault Tricole,5,5,111,295345,10263,86.33
155,Marvin van Velzen,4,5,133,355856,12366,86.33
156,Paul Hogan,14,17,162,434939,15119,86.3
157,Ricky King,2,2,22,57032,1984,86.24
158,Kevin Burness,6,6,68,176157,6132,86.18
159,Zvonimir Lesic,1,1,18,46501,1619,86.17
160,Scott Campbell,9,11,166,439662,15312,86.14
161,Alexander Merkx,4,5,100,262982,9160,86.13
162,Marcel Walpen,1,1,18,48921,1704,86.13
163,Adam Warner,1,1,19,48141,1677,86.12
164,Thomas Lovely,3,3,32,85382,2975,86.1
165,Romeo Grbavac,2,3,77,207544,7232,86.09
166,Conan Whitehead,14,17,345,921332,32112,86.07
167,Willie Borland,6,7,120,322090,11226,86.07
168,Ciaran Forde,2,2,25,68482,2387,86.07
169,Jason Heaver,4,4,74,203476,7093,86.06
170,Mal Cuming,1,2,35,95441,3329,86.01
171,Jake Macmillan,1,1,17,43087,1503,86.0
172,Stefan Bellmont,4,4,102,274180,9569,85.96
173,Jon Worsley,9,10,184,488476,17050,85.95
174,Danny Trueman,2,2,25,66660,2327,85.94
175,Jason Brandon,1,1,27,74359,2596,85.93
176,David Cameron,3,3,58,157903,5514,85.91
177,Jarno Bottenberg,2,2,53,145326,5075,85.91
178,Jamai van den Herik,1,1,25,67600,2361,85.9
179,John O'Shea,8,10,151,403546,14097,85.88
180,Adam Hunt,5,6,132,344323,12031,85.86
181,Christopher Wickenden,1,1,10,26178,915,85.83
182,Adam Paxton,2,3,47,121124,4234,85.82
183,Lee (ENG) Evans,2,2,24,65092,2276,85.8
184,Ryan Murray,2,2,35,91083,3185,85.79
185,Scott Walters,6,8,101,275578,9640,85.76
186,Tomoya Goto,2,2,47,122321,4280,85.74
187,Lee Cocks,14,17,238,645909,22609,85.71
188,Jamie Lewis,5,5,53,139987,4901,85.69
189,Dawson Murschell,1,1,23,61490,2153,85.68
190,Greg Ritchie,3,3,47,123843,4337,85.66
191,Darren Webster,2,3,28,72324,2533,85.66
192,Matt Clark,7,10,180,493873,17303,85.63
193,Asa Cansdale,1,1,10,27962,980,85.6
194,Haruki Muramatsu,2,2,48,132384,4640,85.59
195,Chris Quantock,8,9,112,298513,10466,85.57
196,Brett Claydon,3,3,31,86810,3044,85.56
197,Adam Mould,13,14,209,561167,19681,85.54
198,Carl Sneyd,7,7,98,269980,9478,85.45
199,Joey Ten Berge,1,1,25,68912,2420,85.43
200,Ashley Coleman,8,10,163,439156,15430,85.38
201,Jarred Cole,14,16,252,665498,23387,85.37
202,Gavin Carlin,2,3,64,172247,6054,85.36
203,Justin Smith,13,14,261,697980,24534,85.35
204,Carl Wilkinson,8,9,111,303322,10668,85.3
205,Jamie Kelling,14,15,189,514217,18091,85.27
206,Benjamin Drue Reus,1,1,25,68732,2419,85.24
207,Jeroen Caron,3,3,70,186932,6579,85.24
208,Danny van Trijp,5,6,138,359223,12645,85.22
209,Ashton Brown,1,1,10,25281,890,85.22
210,Reece Colley,14,16,233,612015,21555,85.18
211,Danny Jansen,3,3,78,209743,7387,85.18
212,Ross Montgomery,5,5,68,180853,6372,85.15
213,Mark Dudbridge,12,12,129,347614,12257,85.08
214,Steve Hine,4,4,55,146769,5175,85.08
215,Fallon Sherrock,11,14,215,567193,20005,85.06
216,Lewis Pride,2,2,26,68923,2431,85.06
217,Patrick Van Den Boogaard,2,3,62,164111,5789,85.05
218,Richard Rowlands,5,6,63,168940,5962,85.01
219,Danny Lauby,8,9,180,478518,16889,85.0
220,Kevin Blomme,1,1,23,58179,2054,84.97
221,Wesley Harms,2,2,50,131993,4662,84.94
222,Darren Armstrong,3,3,47,130249,4600,84.94
223,Jordan Brooks,4,4,41,108623,3837,84.93
224,Pete Hughes,1,1,26,72251,2552,84.93
225,Matthew Edgar,3,3,27,69746,2464,84.92
226,James Vanbesien,2,2,50,125996,4451,84.92
227,Barry Copeland,4,4,68,181201,6401,84.92
228,David Davies,10,13,196,528108,18662,84.9
229,Steve Johnstone,1,1,10,26596,940,84.88
230,Jeffrey de Graaf,1,1,23,61049,2159,84.83
231,Scott Baker,9,9,117,308696,10919,84.81
232,Thomas Junghans,1,1,25,64935,2297,84.81
233,Kevin Edwards,5,5,62,162772,5761,84.76
234,Keanu Van Velzen,1,2,37,95899,3395,84.74
235,Martin Thomas,9,9,101,272560,9653,84.71
236,Steven Johnstone,6,6,125,329883,11686,84.69
237,Noa-Lynn van Leuven,3,3,62,162219,5747,84.68
238,Cameron Carolissen,1,1,26,70729,2506,84.67
239,Mareno Michels,4,5,117,312141,11062,84.65
240,Mike Norton,3,3,28,72928,2586,84.6
241,Terry Nash,6,6,63,167933,5955,84.6
242,Shane Hayward,3,3,32,85405,3029,84.59
243,Sam Cankett,4,4,53,134448,4769,84.58
244,Dean Finn,5,6,98,260687,9246,84.58
245,Shaun Griffiths,2,2,18,45547,1616,84.56
246,Jack Main,2,2,39,107077,3799,84.56
247,James Richardson,10,11,204,548217,19461,84.51
248,Paul Dulson,2,2,20,51918,1843,84.51
249,Alexander Masek,2,2,53,141281,5016,84.5
250,Adam Lipscombe,8,11,165,439256,15597,84.49
251,Ronan McDonagh,3,3,66,178425,6335,84.49
252,Cor Dekker,2,2,35,96049,3412,84.45
253,Dean Gallagher,2,2,48,128110,4551,84.45
254,Joe Croft,11,11,178,472979,16811,84.41
255,Alec Small,14,17,277,749235,26632,84.4
256,Sean McKinney,2,2,20,50887,1809,84.39
257,Martijn Dragt,1,1,26,72398,2575,84.35
258,Martin Adams,10,13,201,512780,18240,84.34
259,Jeroen Mioch,3,4,84,218863,7789,84.3
260,Jack Male,2,2,20,52020,1852,84.27
261,Johan Engstrom,2,2,52,138660,4937,84.26
262,Adam Smith-Neale,3,3,43,113163,4030,84.24
263,Richie Parkin,3,3,35,93453,3329,84.22
264,Steve Green,3,4,70,192248,6850,84.2
265,Mike Gillet,11,12,106,279133,9952,84.14
266,Adrian Devine,1,1,10,25522,910,84.14
267,Kevin Cottiss,2,2,37,97103,3463,84.12
268,Brian Raman,9,9,221,588551,20993,84.11
269,Carlo van Peer,1,1,26,72558,2589,84.08
270,Rob Collins,9,9,98,260076,9283,84.05
271,John Michael,2,2,48,132040,4713,84.05
272,Tom Lonsdale,7,7,114,305864,10917,84.05
273,Callum Goffin,1,1,25,63874,2280,84.04
274,Josh McCarthy,3,3,32,84531,3019,84.0
275,Jonny Barnes,4,4,83,218761,7813,84.0
276,Ryan Furness,7,7,72,192362,6872,83.98
277,Dan Astbury,4,4,80,223208,7977,83.94
278,Gemma Hayter,5,5,46,121287,4335,83.94
279,Alan Tabern,3,3,46,122256,4370,83.93
280,Ryan De Vreede,2,2,50,130931,4681,83.91
281,Ciaran Teehan,9,11,160,416216,14887,83.88
282,Josh Richardson,4,4,40,103036,3685,83.88
283,Richie Burnett,8,8,146,362873,12983,83.85
284,Darren Brown,2,2,35,94467,3380,83.85
285,Dan Hands,2,2,37,102783,3678,83.84
286,Michael Warburton,1,1,25,64503,2308,83.84
287,Marcel Otter,1,1,25,68980,2469,83.82
288,Moreno Blom,4,4,97,254799,9121,83.81
289,Paul Milford,1,1,10,25786,923,83.81
290,Butch Devine,1,1,26,69140,2475,83.81
291,Prakash Jiwa,3,3,21,51659,1850,83.77
292,Robbie King,1,2,35,94839,3397,83.76
293,Jake Womack,1,1,8,21189,759,83.75
294,Colin Monk,1,1,10,27998,1003,83.74
295,Paul Linwood,1,1,10,26398,946,83.71
296,Chris Wickenden,4,4,70,191929,6878,83.71
297,Marko Kantele,2,2,50,133987,4802,83.71
298,Darryl Fitton,3,3,28,74774,2680,83.7
299,Ryan Palmer,5,5,42,112951,4050,83.67
300,Charlie Large,6,9,96,254087,9110,83.67
301,Jose Justicia,2,2,48,130713,4687,83.67
302,Geert De Vos,2,2,50,131327,4710,83.65
303,Jacques Labre,1,1,25,67607,2425,83.64
304,Martyn Turner,11,12,164,432699,15527,83.6
305,Lloyd Walker,5,5,40,109923,3945,83.59
306,Davy Proosten,1,1,25,66328,2381,83.57
307,Ole Holtkamp,1,1,25,59705,2145,83.5
308,David Wawrzewski,10,10,121,321454,11551,83.49
309,Robert Thornton,14,19,361,933419,33544,83.48
310,Martin Grearson,3,3,30,79453,2857,83.43
311,Daniel Lee,2,2,35,91240,3281,83.43
312,Kevin Mills,1,1,25,65657,2361,83.43
313,Lorenzo Pronk,2,2,48,125869,4526,83.43
314,Timothy Verbrugghe,4,4,100,263657,9482,83.42
315,Richard McKee,5,6,73,201895,7264,83.38
316,Lewis Gurney,6,7,77,208459,7501,83.37
317,Steve Robertson,1,1,25,65748,2366,83.37
318,David Sharp,2,2,22,59284,2134,83.34
319,Doug Boehm,1,1,25,68370,2463,83.28
320,Tony Wood,4,4,73,187328,6749,83.27
321,Neil Meneer,2,2,23,61283,2208,83.26
322,James Hubbard,4,4,41,108195,3900,83.23
323,Kenny Neyens,1,1,25,62252,2244,83.22
324,Stuart Kellett,2,2,22,59026,2128,83.21
325,Lee Budgen,5,5,70,187756,6771,83.19
326,Mark McGeeney,7,7,100,254082,9165,83.17
327,Oskar Lukasiak,1,1,26,68784,2483,83.11
328,Twan Uriot,1,1,25,66268,2392,83.11
329,Mitch Minnie,1,1,25,68833,2485,83.1
330,Michel van der Horst,3,3,73,202130,7299,83.08
331,Dmitriy Zhukov,1,1,23,61365,2216,83.08
332,Dustin Straver,2,2,49,121754,4397,83.07
333,Bradly Roes,8,9,216,564012,20375,83.04
334,Matt Jackson,1,1,25,65073,2352,83.0
335,Adrian Gray,9,9,132,360580,13033,83.0
336,George Killington,2,3,45,117518,4248,82.99
337,John Brown,3,3,45,112749,4077,82.96
338,Rene Eidams,4,5,104,274797,9941,82.93
339,Killian McCormack,2,2,37,97214,3519,82.88
340,Steve Reynolds,1,1,23,53836,1949,82.87
341,Michael Huntley,12,14,242,636024,23038,82.82
342,Alan Norris,8,8,96,250936,9094,82.78
343,Scott Marsh,4,4,38,95399,3458,82.76
344,Bram Van Dijk,2,2,51,134168,4864,82.75
345,Lee Shewan,4,4,51,141391,5127,82.73
346,Larry Butler,1,1,25,65767,2385,82.73
347,Peter Hudson,2,2,37,100437,3642,82.73
348,James Welding,2,2,20,53606,1944,82.73
349,Ryan Harrington,4,5,74,190690,6918,82.69
350,Steve Brown,5,5,112,290825,10552,82.68
351,Mark Graham,2,3,32,86370,3134,82.68
352,Tavis Dudeney,1,1,10,23756,862,82.68
353,Kristiaan De Boer,1,1,17,47974,1741,82.67
354,Richard North,7,8,90,235510,8547,82.66
355,Jamie Durrant,4,4,53,137696,4998,82.65
356,David Schlichting,2,2,35,90380,3281,82.64
357,Geoff Murray,2,2,20,52214,1896,82.62
358,Billy Leonard,2,2,20,51596,1874,82.6
359,Aaron Turner,3,3,32,81787,2971,82.59
360,Lee (WAL) Evans,1,1,12,32482,1180,82.58
361,Dan Nicholls,2,2,20,51159,1859,82.56
362,Rowby-John Rodriguez,1,1,18,47713,1734,82.55
363,Franz Roetzsch,2,2,50,125844,4574,82.54
364,Gary Robson,1,1,28,74127,2695,82.52
365,Harry Gregory,4,4,45,117571,4276,82.49
366,David Fatum,1,1,23,60015,2183,82.48
367,Jimmy Hendriks,1,1,25,63789,2321,82.45
368,Kelvin O'Keefe,2,2,18,48049,1749,82.42
369,Ricardo Ulrich,1,1,25,68968,2512,82.37
370,Dmitrii Rogov,1,1,25,69102,2518,82.33
371,Gary Hayes,2,2,50,131268,4784,82.32
372,Shaun Fox,1,1,23,59843,2181,82.31
373,Niall Culleton,7,7,143,379592,13838,82.29
374,Callum Francis,2,2,20,54849,2000,82.27
375,Patrick Maat,2,2,48,126182,4603,82.24
376,Neil Wild,2,2,35,88711,3236,82.24
377,Vitezslav Sedlak,1,1,25,64582,2357,82.2
378,Philip van Gasse,1,1,25,64221,2344,82.19
379,Patrick Dekker,2,2,52,130247,4756,82.16
380,Robbie Long,2,2,35,89857,3281,82.16
381,Stu Wilson,4,4,40,104683,3823,82.15
382,Darren Barton,1,1,25,65574,2395,82.14
383,Robert Rickwood,3,3,47,119193,4354,82.13
384,Kevin Garcia,2,2,35,93616,3421,82.1
385,Jim Mayer,3,3,76,203616,7443,82.07
386,Nicolas Thuillier,1,1,25,67436,2467,82.01
387,Steve Haggerty,2,2,20,50175,1836,81.99
388,Terry Jenkins,1,1,23,58039,2124,81.98
389,Pete Burgoyne,4,4,34,85157,3119,81.91
390,Glenn de Bois,1,1,25,64145,2350,81.89
391,Ricardo Ham,3,3,75,191881,7030,81.88
392,Diogo Portela,3,3,20,52031,1907,81.85
393,Kevin Painter,11,12,204,525101,19248,81.84
394,Patrick Klingelhofer,1,1,17,50408,1848,81.83
395,Mindaugas Barauskas,1,1,25,66495,2438,81.82
396,Devon Petersen,8,10,190,498915,18295,81.81
397,Nick Fullwell,2,2,20,49823,1827,81.81
398,Tonni Sorensen,1,1,25,69889,2563,81.81
399,Mark Lawrence,1,1,13,36634,1344,81.77
400,Andy Jenkins,4,7,89,239161,8775,81.76
401,Simon Preston,1,1,10,26692,980,81.71
402,Lisa Ashton,6,6,133,351463,12905,81.7
403,Mark Barilli,1,1,25,61126,2246,81.65
404,Damien Grimes,1,1,25,61920,2275,81.65
405,Nico Plovier,2,2,50,125041,4597,81.6
406,Ivo Leeksma,1,1,27,75283,2773,81.45
407,Carl Hamilton,1,1,12,31727,1169,81.42
408,Lukasz Waclawski,1,1,25,64292,2371,81.35
409,Stuart White,1,1,25,68512,2527,81.34
410,Jesus Salate,1,1,25,71056,2621,81.33
411,Killian Heffernan,1,1,15,41364,1526,81.32
412,A. Toft-Jørgensen,2,2,50,131022,4835,81.3
413,Benito van de Pas,2,2,51,132523,4890,81.3
414,Wesley Van Trijp,1,1,25,61610,2274,81.28
415,Darren Johnson,7,8,100,264931,9782,81.25
416,Tom Cromwell,4,4,41,107089,3955,81.23
417,Brandon Walsh,2,2,20,53294,1969,81.2
418,Colin McCaughern,2,2,50,134548,4972,81.18
419,Revelino Dubois,1,1,23,60709,2245,81.13
420,Joe Murnan,7,7,83,215638,7979,81.08
421,Simon Adams,2,2,52,136301,5044,81.07
422,Jack Smith,1,1,25,63464,2349,81.05
423,Christopher Toonders,2,2,50,135530,5017,81.04
424,Charlie Martin,4,4,54,143087,5297,81.04
425,Dave Prins,3,3,41,112098,4150,81.03
426,Mat Caste,3,3,30,78693,2914,81.02
427,Peter Wachiuri,2,2,54,142761,5287,81.01
428,Joshua Burksfield,2,2,20,55561,2058,80.99
429,Ian Moss,1,1,12,32854,1218,80.92
430,Max De Jong,2,2,48,125279,4645,80.91
431,Carl Gabriel,1,1,25,68990,2558,80.91
432,Johann Brouwer,3,3,73,187596,6957,80.9
433,Richard Hosey,2,2,20,52549,1950,80.84
434,John Desreumaux,1,1,25,59647,2214,80.82
435,Davie Kirwan,1,1,23,58166,2160,80.79
436,Nathan Treadgold,1,1,25,60907,2262,80.78
437,Joe Heywood,1,1,25,62045,2307,80.68
438,Michael Burgoine,2,2,50,125159,4657,80.63
439,Felix Schiertz,1,1,25,62782,2341,80.46
440,Gary Mawson,2,2,33,82869,3090,80.46
441,Paul Lewis,1,1,25,65289,2435,80.44
442,Arne Spee,5,6,115,281704,10508,80.43
443,Shane Ryan,1,1,10,26916,1004,80.43
444,Chris Hurds,4,4,43,115312,4303,80.39
445,Niels van Zanten,1,1,25,60294,2251,80.36
446,Bradley O Connor,1,1,25,62143,2321,80.32
447,Dave Ladley,1,1,10,28320,1058,80.3
448,Neven Resetar,2,2,50,121526,4540,80.3
449,Connor Hopkins,2,2,35,85259,3187,80.26
450,Jyri Ussa,1,1,25,65068,2433,80.23
451,Phil Johnson-Hale,1,1,10,23903,894,80.21
452,Youri Brouwer,1,1,25,62717,2347,80.17
453,Raymond Mulvey,2,2,50,123694,4632,80.11
454,Steven Plumstead,3,3,43,111947,4194,80.08
455,Stefaan Henderyck,1,1,23,66464,2490,80.08
456,Thomas Banks,5,6,137,343487,12872,80.05
457,Kai Fan Leung,2,2,18,47239,1772,79.98
458,Dylan Dowling,1,1,24,65212,2446,79.98
459,Danny Smith,4,5,55,137194,5148,79.95
460,Jeffrey Bekema,1,1,10,26541,996,79.94
461,Mason Whitlock,8,8,76,193379,7259,79.92
462,Keelan Kay,6,6,69,182773,6867,79.85
463,Antony Allen,4,4,71,185858,6983,79.85
464,Jim Widmayer,1,1,8,20628,775,79.85
465,Ivan Springborg Poulsen,1,1,25,68259,2565,79.84
466,Meinte Hibma,1,1,25,69295,2605,79.8
467,Adam Atkinson,2,3,62,149734,5631,79.77
468,Rusty-Jake Rodriguez,1,1,25,66063,2485,79.75
469,Liam Meek,1,1,10,26468,996,79.72
470,Lesic Zvonimir,1,1,9,23422,882,79.67
471,Gino Vos,1,1,25,61418,2313,79.66
472,David Airey,1,1,25,65685,2474,79.65
473,Jan McIntosh,1,1,25,64506,2430,79.64
474,Nick Crouwel,1,1,25,62531,2356,79.62
475,Ultan McDyer,1,1,25,66556,2508,79.61
476,Bradley van der Velden,1,1,25,63922,2409,79.6
477,Jack Vincent,2,2,50,127043,4791,79.55
478,Mikuru Suzuki,2,2,50,128425,4843,79.55
479,Johan Van Velzen,1,1,25,65204,2460,79.52
480,Graham Jenkins,2,2,35,93690,3538,79.44
481,David Mayle,1,1,25,61129,2309,79.42
482,David Williams,1,1,10,21912,828,79.39
483,Stijn Deklerck,3,3,68,174955,6612,79.38
484,Adam Winspear,2,2,20,50253,1900,79.35
485,Ollie Howard,1,1,10,23428,886,79.33
486,Gary Blades,2,2,18,45424,1718,79.32
487,Luke Getty,2,2,35,89874,3399,79.32
488,Ricky Palmer,2,2,20,57408,2172,79.29
489,Nico Blum,1,1,29,74583,2822,79.29
490,Bradley Coltman,1,1,25,56665,2144,79.29
491,Jacob Gwynne,1,1,10,28790,1090,79.24
492,Scott Winder,2,2,35,87745,3324,79.19
493,Wes Newton,2,2,33,83984,3182,79.18
494,Pontus Danielsson,1,1,25,58417,2215,79.12
495,Andreas Nikolaou,1,1,25,60836,2311,78.97
496,Cedric Waegemans,1,1,25,62058,2360,78.89
497,Tony Newell,1,1,25,64126,2441,78.81
498,Stefan Schroder,1,1,23,55155,2101,78.76
499,JT Davis,1,1,25,66364,2530,78.69
500,Manpreet Kalsi,1,1,25,69656,2656,78.68
501,Mark Layton,1,1,10,26461,1009,78.67
502,Rohan Brouwers,1,1,25,61608,2350,78.65
503,Daniel Stephenson,1,1,10,25007,954,78.64
504,Jasper Scarrott,2,2,50,128156,4889,78.64
505,Mike Symes,1,1,25,60843,2324,78.54
506,Keanu van Velzen,1,1,25,59305,2267,78.48
507,Sven Verdonck,1,1,20,48790,1867,78.4
508,Aaron Gill,2,3,20,49230,1884,78.39
509,Mario Robbe,1,1,25,61555,2356,78.38
510,Hilton Klein,1,1,25,58091,2225,78.32
511,Gary Stafford,2,2,35,90634,3480,78.13
512,Martin Biggs,1,1,25,56771,2180,78.13
513,Jerry Hendriks,1,1,25,59968,2303,78.12
514,John Nelson,1,1,25,64129,2465,78.05
515,Leighton Bennett,1,1,25,60309,2318,78.05
516,Lars-Erik Lindgreen,1,2,25,60574,2329,78.03
517,Craig Galliano,1,1,8,21886,842,77.98
518,Tony O'Shea,5,5,78,198956,7656,77.96
519,Mark Hylton,1,1,8,18030,694,77.94
520,Kevin Lankhuizen,1,1,25,64158,2473,77.83
521,Willem Mandigers,2,2,50,116907,4509,77.78
522,Kieran Smith,1,1,27,62858,2425,77.76
523,John McCarthy,1,1,10,23110,892,77.72
524,Will Beaden,1,1,25,63830,2464,77.72
525,Zereso Zeverboom,2,2,52,131497,5085,77.58
526,Ben Payne,2,2,35,79713,3083,77.57
527,Damian Palaszewski,1,1,25,67503,2612,77.53
528,Simon Teysen,1,1,25,65134,2521,77.51
529,Glen Durrant,1,1,8,21687,840,77.45
530,Michael Hansen,1,1,25,64215,2490,77.37
531,Ky Smith,1,1,10,26552,1030,77.34
532,George Monios,2,2,52,126431,4905,77.33
533,Jonathan Platt,4,4,40,104405,4051,77.32
534,Kendrick Koordom,1,1,25,58634,2276,77.29
535,Kevin Dowling,4,4,43,106611,4141,77.24
536,Richard Stride,1,1,8,21174,824,77.09
537,Jake Jones,1,1,25,61613,2399,77.05
538,Dylan Grazier,2,2,20,46919,1827,77.04
539,John Walton,1,1,25,58522,2283,76.9
540,Kent Sivertsen,1,1,25,61032,2382,76.87
541,John Part,1,1,25,61092,2386,76.81
542,Steve de Buck,1,1,25,58478,2285,76.78
543,John O´Shea,1,1,10,26621,1041,76.72
544,Sean Holley,1,1,10,24732,969,76.57
545,Norbert Attard,1,1,10,21204,831,76.55
546,Jack Hill,1,1,8,16712,656,76.43
547,Nigel Lloyd,1,1,25,59746,2351,76.24
548,Robin Beger,1,1,25,60176,2371,76.14
549,Karl Coleman,4,4,38,89896,3544,76.1
550,Dylan Sinclair,1,1,10,25483,1007,75.92
551,Barrie Bates,2,2,35,85738,3394,75.78
552,Giovanni Matthee,1,1,25,59284,2347,75.78
553,Tom Van den Hoogen,1,1,25,55353,2200,75.48
554,Steven Jamieson,1,1,25,60520,2413,75.24
555,James Marcroft,1,1,13,34937,1393,75.24
556,Dennis van der Ende,2,2,50,126021,5026,75.22
557,Vince Tipple,1,1,10,26591,1061,75.19
558,Sebastian Caris,1,1,25,51294,2047,75.17
559,Paul Nicholson,1,1,8,22911,918,74.87
560,Lewy Williams,1,1,25,54255,2182,74.59
561,Aaron Beeney,2,2,18,44996,1813,74.46
562,Pim Van Bijnen,1,1,25,60707,2455,74.18
563,Rhian O'Sullivan,1,1,8,17184,696,74.07
564,Conor Paterson,1,1,10,26482,1076,73.83
565,Tom Becker,1,1,25,56771,2309,73.76
566,Timothy Jones,1,1,10,21990,895,73.71
567,Jack Wareing,1,1,25,51685,2105,73.66
568,Scott Bannerman,1,1,10,26797,1092,73.62
569,Brandon Western,1,1,10,23331,952,73.52
570,Josh Carter,1,1,25,63630,2600,73.42
571,Par Riihonen,1,1,25,58551,2394,73.37
572,Janis Pinka,1,1,25,55400,2266,73.35
573,Bhav Patel,2,2,18,41483,1697,73.33
574,Johnny Stewart,1,1,10,22876,936,73.32
575,Trina Gulliver,7,7,61,139375,5711,73.21
576,Bradley O'Connor,1,1,25,58993,2418,73.19
577,David Munyua,1,1,25,58897,2416,73.13
578,Rick Hessing,1,1,25,58315,2401,72.86
579,Luke Smith,2,2,20,46663,1922,72.84
580,Niels Heinsoe,1,1,25,63108,2601,72.79
581,Andy McDermott,1,1,25,61346,2530,72.74
582,Donny Scheurwater,1,1,25,56141,2318,72.66
583,Owen Bowden,1,1,5,10878,450,72.52
584,Darnell McCrory,1,1,10,22450,932,72.26
585,Jordan Matthews,1,1,8,16837,700,72.16
586,Sam Cromwell,1,1,10,22133,922,72.02
587,Joe Bridle,1,1,10,23488,994,70.89
588,Steve Perren,1,1,10,23551,1011,69.88
589,Richie Edwards,1,1,10,17589,762,69.25
590,Ektoras Stylianou,1,1,25,47817,2072,69.23
591,Peter Manley,1,1,25,52381,2272,69.17
592,Simon Wilkinson,1,1,10,24776,1077,69.01
593,Janis Mustafejevs,1,1,10,19296,883,65.56
