ID;Title;cafenummer;Naam;Adres;Plaats;postcode;Telefoon;website;Speelgelenheid Map Locatie_address;Speelgelenheid Map Locatie_lat;Speelgelenheid Map Locatie_lng
1613;Q-Billiards Tiel;C280;Q-Billiards Tiel;Walstraatje 5;Tiel;4001 AZ;;;Walstraatje 5,Tiel,Netherlands;51.8883328;5.4335689
1614;Café Boemerang;C275;Café Boemerang;Plein 8;Tiel;4001 LJ;;;Plein 8,Tiel,Netherlands;;
1615;Minicamping tussen de Dijken Tiel;C276;Minicamping tussen de Dijken Tiel;Inundatiedijk Zuid 3;Tiel;4006 PD;;;Inundatiedijk Zuid 3,Tiel,Netherlands;;
1616;Eetcafé De Tol;C222;Eetcafé De Tol;Moleneind 11;Kapel-Avezaath;4013 NE;;;Moleneind 11,Kapel-Avezaath,Netherlands;51.8763976;5.3739943
1617;Voetbalvereniging ISC;C267;Voetbalvereniging ISC;Verhuizensestraat 8;Ingen;4031 KS;;;Verhuizensestraat 8,Ingen,Netherlands;;
1618;Cornerhouse;C200;Cornerhouse;Ommestraat 2;Kesteren;4041 AP;;;Ommestraat 2,Kesteren,Netherlands;;
1619;Gerrit van Riemsdijk Huis;C118;Gerrit van Riemsdijk Huis;J.R. Zeemanstraat 12 A;IJzendoorn;4053 JN;;;J.R. Zeemanstraat 12 A,IJzendoorn,Netherlands;;
1620;Café - Bar de Coehoorn;C265;Café - Bar de Coehoorn;Maasstraat 14;Grave;5361 GG;;;Maasstraat 14,Grave,Netherlands;;
1621;Café Spinners;C147;Café Spinners;Grotestraat 54;Cuijk;5431 DR;;;Grotestraat 54,Cuijk,Netherlands;;
1622;Pub Esser;C240;Pub Esser;Steenstraat 37;Boxmeer;5831 JA;;;Steenstraat 37,Boxmeer,Netherlands;;
1623;Café-zaal ?t Centrum;C168;Café-zaal ?t Centrum;Steenstraat 56;Boxmeer;5831 JG;;;Steenstraat 56,Boxmeer,Netherlands;;
1624;de Gouden Leeuw;C224;de Gouden Leeuw;Grotestraat 54;Sambeek;5836 AG;;;Grotestraat 54,Sambeek,Netherlands;;
1625;Café de Pruuver;C270;Café de Pruuver;Langstraat 4;Afferden;5851 BE;;;Langstraat 4,Afferden,Netherlands;;
1626;Café-Zaal De Heidebloem;C144;Café-Zaal De Heidebloem;Gochsedijk 4;Siebengewald;5853 AC;;;Gochsedijk 4,Siebengewald,Netherlands;;
1627;Café De Beurs;C229;Café De Beurs;Lange Hezelstraat 94;Nijmegen;6511 CN;;;Lange Hezelstraat 94,Nijmegen,Netherlands;;
1628;Feestcafé de Gezelligheid;C136;Feestcafé de Gezelligheid;Bloemerstraat 46;Nijmegen;6511 EK;;;Bloemerstraat 46,Nijmegen,Netherlands;;
1629;Café Jo Jo;C179;Café Jo Jo;van Welderenstraat 87;Nijmegen;6511 ME;;;van Welderenstraat 87,Nijmegen,Netherlands;;
1630;Café Pool;C047;Café Pool;Van Welderenstraat 99;Nijmegen;6511 MG;;;Van Welderenstraat 99,Nijmegen,Netherlands;;
1631;House of Billiards;C282;House of Billiards;Graafseweg 39;Nijmegen;6512BR;;;Graafseweg 39,Nijmegen,Netherlands;;
1632;Café Piet Huisman;C255;Café Piet Huisman;St. Jacobslaan 30;Nijmegen;6533 BT;;;St. Jacobslaan 30,Nijmegen,Netherlands;51.8226504;5.851171
1633;S.V. Hatert;C051;S.V. Hatert;Winkelsteegseweg 208;Nijmegen;6534 AR;;;Winkelsteegseweg 208,Nijmegen,Netherlands;;
1634;Café De Driesprong;C210;Café De Driesprong;Koninginnelaan 28;Nijmegen;6542 ZT;;;Koninginnelaan 28,Nijmegen,Netherlands;;
1635;West End;C243;West End;Molenweg 145;Nijmegen;6543 VB;;;Molenweg 145,Nijmegen,Netherlands;;
1636;Tennisvereniging Lindenholt;C281;Tennisvereniging Lindenholt;De Wellenkamp 11-50;Nijmegen;6545 NC;;;De Wellenkamp 11-50,Nijmegen,Netherlands;;
1637;Sporthal De Kloosterhof;C056;Sporthal De Kloosterhof;Kapittelweg 2a;Weurt;6551 EB;;;Kapittelweg 2a,Weurt,Netherlands;;
1638;Café Bar De Comm;C008;Café Bar De Comm;Dorpstraat 12;Groesbeek;6562 AB;;;Dorpstraat 12,Groesbeek,Netherlands;;
1639;Ut Huu-ske;C042;Ut Huu-ske;Kloosterstraat 8;Groesbeek;6562 AW;;;Kloosterstraat 8,Groesbeek,Netherlands;;
1640;Café Zaal Hopmans;C266;Café Zaal Hopmans;Hoge Horst 56;Groesbeek;6562LE;;;Hoge Horst 56,Groesbeek,Netherlands;;
1641;Janssen & Janssen;C038;Janssen & Janssen;Heerbaan 55;Millingen a/d Rijn;6566 ED;;;Heerbaan 55,Millingen a/d Rijn,Netherlands;;
1642;Dorpshuis de Sprong;C263;Dorpshuis de Sprong;Prins Bernardstraat 3;Ooij;6576 BB;;;Prins Bernardstraat 3,Ooij,Netherlands;;
1643;Heumens Bos;C233;Heumens Bos;Vosseneindseweg 46;Heumen;6582 BR;;;Vosseneindseweg 46,Heumen,Netherlands;;
1644;De Typhoon;C023;De Typhoon;Markt 8;Gennep;6591 BZ;;;Markt 8,Gennep,Netherlands;;
1645;Het Centrum Milsbeek;C149;Het Centrum Milsbeek;Kerkstraat 21;Milsbeek;6596 AK;;;Kerkstraat 21,Milsbeek,Netherlands;;
1646;Café De Klok;C256;Café De Klok;Kleefseweg 26;Ven-Zelderheide;6599 AC;;;Kleefseweg 26,Ven-Zelderheide,Netherlands;;
1647;Café ZUS;C273;Café ZUS;Spoorstraat 4;Wijchen;6602 AZ;;;Spoorstraat 4,Wijchen,Netherlands;;
1648;V.V. Alverna;C244;V.V. Alverna;Bospad 5;Wijchen;6603 AR;;;Bospad 5,Wijchen,Netherlands;;
1649;Café De Teersdijk;C021;Café De Teersdijk;Graafseweg 985;Wijchen;6603 CH;;;Graafseweg 985,Wijchen,Netherlands;;
1650;De Zon;C132;De Zon;Hoogstraat 56;Overasselt;6611 BZ;;;Hoogstraat 56,Overasselt,Netherlands;;
1651;Dorpshuis De Hucht;C185;Dorpshuis De Hucht;Schoolstraat 4;Alphen;6626 AC;;;Schoolstraat 4,Alphen,Netherlands;;
1652;De Horst;C279;De Horst;Rijdt 38;Horssen;6631 AT;;;Rijdt 38,Horssen,Netherlands;;
1653;Sportcafé De Vrijboom;C106;Sportcafé De Vrijboom;van Heemstraweg 66b;Beuningen;6641 AG;;;van Heemstraweg 66b,Beuningen,Netherlands;;
1654;De Doorkijk;C009;De Doorkijk;Langstuk 2;Druten;6651 HZ;;;Langstuk 2,Druten,Netherlands;;
1655;VTC Wamel;C198;VTC Wamel;Clarissenstraat 2;Wamel;6659 BN;;0;Clarissenstraat 2,Wamel,Netherlands;;
1656;DC De Rijnvogels;C170;DC De Rijnvogels;Drielse Rijndijk 61a;Driel;6667 LP;;;Drielse Rijndijk 61a,Driel,Netherlands;51.9628534;5.8119235
1657;Café De Posthoorn;C213;Café De Posthoorn;Tielsestraat 215;Andelst;6673 AC;;;Tielsestraat 215,Andelst,Netherlands;;
1658;De Viersprong;C201;De Viersprong;Reethsestraat 1;Valburg;6675 CE;;;Reethsestraat 1,Valburg,Netherlands;;
1659;S.V. Op De Korrel;C209;S.V. Op De Korrel;Sportlaan 1E;Bemmel;6681 CD;;;Sportlaan 1E,Bemmel,Netherlands;;
1660;Dorpshuis De Tichel;C028;Dorpshuis De Tichel;Kolkweg 5 A;Haalderen;6685 BC;;;Kolkweg 5 A,Haalderen,Netherlands;;
1661;De Klok;C014;De Klok;Markt 1;Gendt;6691 BK;;;Markt 1,Gendt,Netherlands;;
1662;Café de Keijzer;C216;Café de Keijzer;Edeseweg 73;Bennekom;6721 JR;;;Edeseweg 73,Bennekom,Netherlands;52.0035155;5.6748979
1663;Dubbel10;C261;Dubbel10;Varkensstraat 41;Arnhem;6811 GN;;https://dubbel10.nl/;Varkensstraat 41,Arnhem,Netherlands;51.9817167;5.904688
1664;Camping De Lindenhof;C259;Camping De Lindenhof;Wolfhezerweg 111;Wolfheze;6874 AD;;;Wolfhezerweg 111,Wolfheze,Netherlands;;
1665;Café van Dorth;C271;Café van Dorth;Rijksweg 19;Duiven;6921 AB;;;Rijksweg 19,Duiven,Netherlands;51.9517588;6.0189436
1666;Partycentrum Ons Huis;C193;Partycentrum Ons Huis;Mr. B. van Leeuwenplein 7;Rheden;6991 EW;;;Mr. B. van Leeuwenplein 7,Rheden,Netherlands;52.0058025;6.033316